[
  {
    "screening_id":"SCREEN_0001",
    "title":"Monte Carlo Neural Fictitious Self-Play: Approach to Approximate Nash equilibrium of Imperfect-Information Games",
    "authors":"Li Zhang; Wei Wang; Shijian Li; Gang Pan",
    "year":2019,
    "venue":null,
    "abstract":"Researchers on artificial intelligence have achieved human-level intelligence in large-scale perfect-information games, but it is still a challenge to achieve (nearly) optimal results (in other words, an approximate Nash Equilibrium) in large-scale imperfect-information games (i.e. war games, football coach or business strategies). Neural Fictitious Self Play (NFSP) is an effective algorithm for learning approximate Nash equilibrium of imperfect-information games from self-play without prior domain knowledge. However, it relies on Deep Q-Network, which is off-line and is hard to converge in online games with changing opponent strategy, so it can't approach approximate Nash equilibrium in games with large search scale and deep search depth. In this paper, we propose Monte Carlo Neural Fictitious Self Play (MC-NFSP), an algorithm combines Monte Carlo tree search with NFSP, which greatly improves the performance on large-scale zero-sum imperfect-information games. Experimentally, we demonstrate that the proposed Monte Carlo Neural Fictitious Self Play can converge to approximate Nash equilibrium in games with large-scale search depth while the Neural Fictitious Self Play can't. Furthermore, we develop Asynchronous Neural Fictitious Self Play (ANFSP). It use asynchronous and parallel architecture to collect game experience. In experiments, we show that parallel actor-learners have a further accelerated and stabilizing effect on training.",
    "doi":null,
    "url":"http:\/\/arxiv.org\/abs\/1903.09569v2",
    "source_db":"arxiv",
    "include_ta":1.0,
    "reason_ta":"Automated: relevance score 7\/10",
    "notes_ta":null,
    "include_ft":null,
    "reason_ft":null,
    "notes_ft":null,
    "relevance_score":null,
    "quality_score":null,
    "pdf_path":"pdf_cache\/pdfs\/7a8983a7a83be829.pdf",
    "pdf_status":"downloaded_direct",
    "arxiv_id":1903.095692,
    "citations":null,
    "pdf_url":"http:\/\/arxiv.org\/pdf\/1903.09569v2.pdf",
    "keywords":"cs.AI",
    "pdf_hash":"4f21fd276371a4b6f7a4737622e8dbae85db2de46c2bc2204265d10ef51b06c7",
    "screener_ta":"automated",
    "screened_ta_date":"2025-07-27",
    "screener_ft":null,
    "screened_ft_date":null,
    "potential_duplicate":null,
    "language_detected":"en",
    "auto_relevance_score":7,
    "auto_include":true,
    "auto_include_reason":"Automated: relevance score 7\/10",
    "venue_type":"tech-report",
    "game_type":"digital",
    "open_ended":"no",
    "quantitative":"yes",
    "llm_family":"none",
    "llm_role":"none",
    "eval_metrics":"Exploitability, convergence to Nash equilibrium, training time, win rate against human players",
    "failure_modes":null,
    "awscale":2.0,
    "code_release":"none",
    "grey_lit_flag":"yes",
    "extraction_status":"success",
    "extraction_confidence":1.0,
    "failure_modes_regex":null,
    "llm_detected":null,
    "game_type_detected":null,
    "metrics_detected":"win_rate",
    "code_detected":null
  },
  {
    "screening_id":"SCREEN_0002",
    "title":"HARK Side of Deep Learning -- From Grad Student Descent to Automated Machine Learning",
    "authors":"Oguzhan Gencoglu; Mark van Gils; Esin Guldogan; Chamin Morikawa; Mehmet S\u00fczen; Mathias Gruber; Jussi Leinonen; Heikki Huttunen",
    "year":2019,
    "venue":null,
    "abstract":"Recent advancements in machine learning research, i.e., deep learning, introduced methods that excel conventional algorithms as well as humans in several complex tasks, ranging from detection of objects in images and speech recognition to playing difficult strategic games. However, the current methodology of machine learning research and consequently, implementations of the real-world applications of such algorithms, seems to have a recurring HARKing (Hypothesizing After the Results are Known) issue. In this work, we elaborate on the algorithmic, economic and social reasons and consequences of this phenomenon. We present examples from current common practices of conducting machine learning research (e.g. avoidance of reporting negative results) and failure of generalization ability of the proposed algorithms and datasets in actual real-life usage. Furthermore, a potential future trajectory of machine learning research and development from the perspective of accountable, unbiased, ethical and privacy-aware algorithmic decision making is discussed. We would like to emphasize that with this discussion we neither claim to provide an exhaustive argumentation nor blame any specific institution or individual on the raised issues. This is simply a discussion put forth by us, insiders of the machine learning field, reflecting on us.",
    "doi":null,
    "url":"http:\/\/arxiv.org\/abs\/1904.07633v1",
    "source_db":"arxiv",
    "include_ta":1.0,
    "reason_ta":"Automated: relevance score 7\/10",
    "notes_ta":null,
    "include_ft":null,
    "reason_ft":null,
    "notes_ft":null,
    "relevance_score":null,
    "quality_score":null,
    "pdf_path":"pdf_cache\/pdfs\/9d3083f2481921ae.pdf",
    "pdf_status":"downloaded_direct",
    "arxiv_id":1904.076331,
    "citations":null,
    "pdf_url":"http:\/\/arxiv.org\/pdf\/1904.07633v1.pdf",
    "keywords":"cs.LG",
    "pdf_hash":"67f8757c0faa1ddab4d95a43c6fe1e6dcdb5c69ebfdfebececaf5e81c74241ea",
    "screener_ta":"automated",
    "screened_ta_date":"2025-07-27",
    "screener_ft":null,
    "screened_ft_date":null,
    "potential_duplicate":null,
    "language_detected":"en",
    "auto_relevance_score":7,
    "auto_include":true,
    "auto_include_reason":"Automated: relevance score 7\/10",
    "venue_type":"tech-report",
    "game_type":"none",
    "open_ended":"no",
    "quantitative":"no",
    "llm_family":"none",
    "llm_role":"none",
    "eval_metrics":"none",
    "failure_modes":null,
    "awscale":3.0,
    "code_release":"none",
    "grey_lit_flag":"yes",
    "extraction_status":"success",
    "extraction_confidence":1.0,
    "failure_modes_regex":null,
    "llm_detected":null,
    "game_type_detected":null,
    "metrics_detected":null,
    "code_detected":null
  },
  {
    "screening_id":"SCREEN_0006",
    "title":"Predicting Tactical Solutions to Operational Planning Problems under Imperfect Information",
    "authors":"Eric Larsen; S\u00e9bastien Lachapelle; Yoshua Bengio; Emma Frejinger; Simon Lacoste-Julien; Andrea Lodi",
    "year":2019,
    "venue":"INFORMS Journal on Computing 34(1):227-242, 2021",
    "abstract":"This paper offers a methodological contribution at the intersection of machine learning and operations research. Namely, we propose a methodology to quickly predict tactical solutions to a given operational problem. In this context, the tactical solution is less detailed than the operational one but it has to be computed in very short time and under imperfect information. The problem is of importance in various applications where tactical and operational planning problems are interrelated and information about the operational problem is revealed over time. This is for instance the case in certain capacity planning and demand management systems. We formulate the problem as a two-stage optimal prediction stochastic program whose solution we predict with a supervised machine learning algorithm. The training data set consists of a large number of deterministic (second stage) problems generated by controlled probabilistic sampling. The labels are computed based on solutions to the deterministic problems (solved independently and offline) employing appropriate aggregation and subselection methods to address uncertainty. Results on our motivating application in load planning for rail transportation show that deep learning algorithms produce highly accurate predictions in very short computing time (milliseconds or less). The prediction accuracy is comparable to solutions computed by sample average approximation of the stochastic program.",
    "doi":"10.1287\/ijoc.2021.1091",
    "url":"http:\/\/arxiv.org\/abs\/1901.07935v4",
    "source_db":"arxiv",
    "include_ta":1.0,
    "reason_ta":"Automated: relevance score 7\/10",
    "notes_ta":null,
    "include_ft":null,
    "reason_ft":null,
    "notes_ft":null,
    "relevance_score":null,
    "quality_score":null,
    "pdf_path":null,
    "pdf_status":"not_found",
    "arxiv_id":1901.079354,
    "citations":null,
    "pdf_url":"http:\/\/arxiv.org\/pdf\/1901.07935v4.pdf",
    "keywords":"cs.LG; math.OC; stat.ML",
    "pdf_hash":null,
    "screener_ta":"automated",
    "screened_ta_date":"2025-07-27",
    "screener_ft":null,
    "screened_ft_date":null,
    "potential_duplicate":null,
    "language_detected":"en",
    "auto_relevance_score":7,
    "auto_include":true,
    "auto_include_reason":"Automated: relevance score 7\/10",
    "venue_type":null,
    "game_type":null,
    "open_ended":null,
    "quantitative":null,
    "llm_family":null,
    "llm_role":null,
    "eval_metrics":null,
    "failure_modes":null,
    "awscale":null,
    "code_release":null,
    "grey_lit_flag":null,
    "extraction_status":null,
    "extraction_confidence":null,
    "failure_modes_regex":null,
    "llm_detected":null,
    "game_type_detected":null,
    "metrics_detected":"accuracy",
    "code_detected":null
  },
  {
    "screening_id":"SCREEN_0007",
    "title":"Relative Hausdorff Distance for Network Analysis",
    "authors":"Sinan G. Aksoy; Kathleen E. Nowak; Emilie Purvine; Stephen J. Young",
    "year":2019,
    "venue":null,
    "abstract":"Similarity measures are used extensively in machine learning and data science algorithms. The newly proposed graph Relative Hausdorff (RH) distance is a lightweight yet nuanced similarity measure for quantifying the closeness of two graphs. In this work we study the effectiveness of RH distance as a tool for detecting anomalies in time-evolving graph sequences. We apply RH to cyber data with given red team events, as well to synthetically generated sequences of graphs with planted attacks. In our experiments, the performance of RH distance is at times comparable, and sometimes superior, to graph edit distance in detecting anomalous phenomena. Our results suggest that in appropriate contexts, RH distance has advantages over more computationally intensive similarity measures.",
    "doi":null,
    "url":"http:\/\/arxiv.org\/abs\/1906.04936v1",
    "source_db":"arxiv",
    "include_ta":1.0,
    "reason_ta":"Automated: relevance score 7\/10",
    "notes_ta":null,
    "include_ft":null,
    "reason_ft":null,
    "notes_ft":null,
    "relevance_score":null,
    "quality_score":null,
    "pdf_path":"pdf_cache\/pdfs\/ae9fe789c3893c4a.pdf",
    "pdf_status":"downloaded_direct",
    "arxiv_id":1906.049361,
    "citations":null,
    "pdf_url":"http:\/\/arxiv.org\/pdf\/1906.04936v1.pdf",
    "keywords":"cs.DM; cs.LG; cs.SI",
    "pdf_hash":"7efb0fc13605c475aed431200893732b105ac7e09207779ada44b36407258ee3",
    "screener_ta":"automated",
    "screened_ta_date":"2025-07-27",
    "screener_ft":null,
    "screened_ft_date":null,
    "potential_duplicate":null,
    "language_detected":"en",
    "auto_relevance_score":7,
    "auto_include":true,
    "auto_include_reason":"Automated: relevance score 7\/10",
    "venue_type":"tech-report",
    "game_type":"none",
    "open_ended":"no",
    "quantitative":"no",
    "llm_family":"none",
    "llm_role":"none",
    "eval_metrics":"none",
    "failure_modes":null,
    "awscale":1.0,
    "code_release":"none",
    "grey_lit_flag":"yes",
    "extraction_status":"success",
    "extraction_confidence":1.0,
    "failure_modes_regex":null,
    "llm_detected":null,
    "game_type_detected":null,
    "metrics_detected":null,
    "code_detected":null
  }
]